{"arm": "lgbm_matched", "pr_auc": 0.29414697611115936, "roc_auc": 0.8126942153157494, "base": 0.041533764306548177}