{
  "arm": "finetune_nomem_frozen",
  "seed": 0,
  "data_dir": "data/processed_ieee",
  "n": 58627,
  "base": 0.041533764306548177,
  "epochs": 6,
  "pr_auc": 0.16291949565234276,
  "roc_auc": 0.7590655958684335
}