{
  "data_dir": "/tmp/r1/synth_pattern",
  "n_test": 16536,
  "base_rate": 0.029874213836477988,
  "pr_auc": 0.4533063622916666,
  "roc_auc": 0.8268617500518628,
  "n_features": 16,
  "top_features": [
    "merch0",
    "merch2",
    "card_meanamt",
    "card_recency",
    "merch3",
    "merch1"
  ]
}