{
  "data_dir": "/tmp/r1/synth_relational",
  "n_test": 16499,
  "base_rate": 0.027698648402933512,
  "pr_auc": 0.5979019558784874,
  "roc_auc": 0.9441370668952423,
  "n_features": 16,
  "top_features": [
    "merch0",
    "merch2",
    "merch1",
    "merch3",
    "card_recency",
    "hour"
  ]
}