{
  "arm": "finetune_xseqcount",
  "seed": 0,
  "data_dir": "data/rr_seq",
  "n": 168940,
  "base": 0.11211080857109033,
  "epochs": 6,
  "pr_auc": 0.5337212565015671,
  "roc_auc": 0.8653070392467441
}