{"arm": "lgbm_matched", "pr_auc": 0.6296122426400017, "roc_auc": 0.904948164906723, "base": 0.11211080857109033}