{
  "arm": "finetune_xseq",
  "seed": 0,
  "data_dir": "data/synth_per_card",
  "n": 16443,
  "base": 0.02438727726084048,
  "epochs": 8,
  "pr_auc": 0.8297763846842111,
  "roc_auc": 0.9589525904724537
}