{
  "arm": "finetune_nomem",
  "seed": 1,
  "data_dir": "data/synth_per_card",
  "n": 16443,
  "base": 0.02438727726084048,
  "epochs": 8,
  "pr_auc": 0.8159569139843631,
  "roc_auc": 0.9586856788958908
}