{
  "arm": "finetune_nomem",
  "seed": 0,
  "data_dir": "data/synth_per_card",
  "n": 16443,
  "base": 0.02438727726084048,
  "epochs": 8,
  "pr_auc": 0.8287155322113429,
  "roc_auc": 0.9623789143274466
}