{
  "arm": "finetune_xseqcount",
  "seed": 0,
  "data_dir": "data/synth_pattern",
  "n": 16536,
  "base": 0.029874213836477988,
  "epochs": 8,
  "pr_auc": 0.03020479943330825,
  "roc_auc": 0.4906935211062863
}