{
  "arm": "finetune_xseq",
  "seed": 0,
  "data_dir": "data/synth_relational",
  "n": 16499,
  "base": 0.027698648402933512,
  "epochs": 8,
  "pr_auc": 0.2164140435246496,
  "roc_auc": 0.8685537444514495
}