{
  "arm": "finetune_nomem",
  "seed": 2,
  "data_dir": "data/synth_per_card",
  "n": 16443,
  "base": 0.02438727726084048,
  "epochs": 8,
  "pr_auc": 0.8224012656491276,
  "roc_auc": 0.9586828807547271
}