{
  "arm": "finetune_xseqcount",
  "seed": 0,
  "data_dir": "data/synth_relational",
  "n": 16499,
  "base": 0.027698648402933512,
  "epochs": 8,
  "pr_auc": 0.3311738746612888,
  "roc_auc": 0.8356507139219069
}