{
  "arm": "finetune_xseqcount",
  "seed": 2,
  "data_dir": "data/synth_per_card",
  "n": 16443,
  "base": 0.02438727726084048,
  "epochs": 8,
  "pr_auc": 0.8155663726602345,
  "roc_auc": 0.9614372620997065
}