{
  "arm": "finetune_xseq",
  "seed": 1,
  "data_dir": "data/synth_per_card",
  "n": 16443,
  "base": 0.02438727726084048,
  "epochs": 8,
  "pr_auc": 0.8182560996563008,
  "roc_auc": 0.9615110242098284
}