{
  "arm": "finetune_nomem_frozen",
  "seed": 0,
  "data_dir": "data/synth_per_card",
  "n": 16443,
  "base": 0.02438727726084048,
  "epochs": 8,
  "pr_auc": 0.7931471286475792,
  "roc_auc": 0.914370118215246
}