{
  "arm": "finetune_nomem",
  "seed": 0,
  "data_dir": "data/synth_pattern",
  "n": 16536,
  "base": 0.029874213836477988,
  "epochs": 8,
  "pr_auc": 0.8424075670857533,
  "roc_auc": 0.9080650261686556
}