{
  "arm": "finetune_xseqcount",
  "seed": 0,
  "data_dir": "data/td_seq",
  "n": 152598,
  "base": 0.017025124837809144,
  "epochs": 6,
  "pr_auc": 0.7140930467695208,
  "roc_auc": 0.9735382640492687
}