{
  "dataset": "elliptic",
  "test_base": 0.06884285415358862,
  "arms": {
    "lgbm_local": {
      "pr_auc": 0.8992147534433451,
      "roc_auc": 0.9801243126942385,
      "illicit_f1": 0.8467614533965245
    },
    "lgbm_localagg": {
      "pr_auc": 0.9150583494800241,
      "roc_auc": 0.9861698712475667,
      "illicit_f1": 0.8571428571428571
    },
    "local": {
      "pr_auc": 0.8919513969259175,
      "roc_auc": 0.9792643693862914,
      "illicit_f1": 0.839344262295082
    },
    "local+agg": {
      "pr_auc": 0.8969718755773278,
      "roc_auc": 0.9821768382227383,
      "illicit_f1": 0.8328173374613003
    },
    "local+meanpool": {
      "pr_auc": 0.8897549988483148,
      "roc_auc": 0.980165977937912,
      "illicit_f1": 0.8374384236453202
    },
    "local+xseq": {
      "pr_auc": 0.8734756623838486,
      "roc_auc": 0.9719128445066767,
      "illicit_f1": 0.8124031007751938
    },
    "local+agg+xseq": {
      "pr_auc": 0.8893282261592136,
      "roc_auc": 0.9786653461288891,
      "illicit_f1": 0.8231611893583725
    }
  }
}