{
  "dataset": "elliptic",
  "test_base": 0.06496700659868027,
  "arms": {
    "lgbm_local": {
      "pr_auc": 0.7903671003350323,
      "roc_auc": 0.9316262616981823,
      "illicit_f1": 0.7888531618435155
    },
    "lgbm_localagg": {
      "pr_auc": 0.8155378723058901,
      "roc_auc": 0.9483575375720031,
      "illicit_f1": 0.8259493670886076
    },
    "local": {
      "pr_auc": 0.5823158673002404,
      "roc_auc": 0.9048450596393365,
      "illicit_f1": 0.669106116048092
    },
    "local+agg": {
      "pr_auc": 0.6895163559713501,
      "roc_auc": 0.9140627938818491,
      "illicit_f1": 0.7166324435318275
    },
    "local+meanpool": {
      "pr_auc": 0.4483739979474501,
      "roc_auc": 0.8976767639249532,
      "illicit_f1": 0.5071047957371225
    },
    "local+xseq": {
      "pr_auc": 0.5937612030830897,
      "roc_auc": 0.8982980644013963,
      "illicit_f1": 0.6157450796626054
    },
    "local+agg+xseq": {
      "pr_auc": 0.6945602244233315,
      "roc_auc": 0.9163752839703945,
      "illicit_f1": 0.6794871794871795
    }
  }
}