{
  "arm": "pragma_nano_bucket_dt_posnone_s1_asof",
  "ckpt": "artifacts/pretrain_nano_bucket_dt_posnone_s1.pt",
  "causal": true,
  "numeric_mode": "bucket",
  "train_events": 9719233,
  "metrics": {
    "n": 2277180,
    "n_pos": 2928,
    "roc_auc": 0.9391998737417097,
    "pr_auc": 0.060252173068463075,
    "recall@p0.5": 0.0047814207650273225,
    "recall@p0.9": 0.0
  }
}