{
  "arm": "pragma_nano_bucket_dt_posindex_s1_asof",
  "ckpt": "artifacts/pretrain_nano_bucket_dt_posindex_s1.pt",
  "causal": true,
  "numeric_mode": "bucket",
  "train_events": 9719233,
  "metrics": {
    "n": 2277180,
    "n_pos": 2928,
    "roc_auc": 0.9489295567427976,
    "pr_auc": 0.12714967398493093,
    "recall@p0.5": 0.01639344262295082,
    "recall@p0.9": 0.001366120218579235
  }
}