{
  "arm": "pragma_nano_bucket_dt_L64_asof",
  "ckpt": "artifacts/pretrain_nano_bucket_dt_L64.pt",
  "causal": true,
  "numeric_mode": "bucket",
  "train_events": 6506644,
  "metrics": {
    "n": 2277158,
    "n_pos": 2928,
    "roc_auc": 0.9444327782328248,
    "pr_auc": 0.15461713359262685,
    "recall@p0.5": 0.05737704918032787,
    "recall@p0.9": 0.003756830601092896
  }
}