{
  "arm": "pragma_nano_bucket_dt_postime_s2_asof",
  "ckpt": "artifacts/pretrain_nano_bucket_dt_postime_s2.pt",
  "causal": true,
  "numeric_mode": "bucket",
  "train_events": 9719233,
  "metrics": {
    "n": 2277180,
    "n_pos": 2928,
    "roc_auc": 0.943721777921333,
    "pr_auc": 0.15110088506428404,
    "recall@p0.5": 0.09699453551912568,
    "recall@p0.9": 0.022540983606557378
  }
}