{
  "arm": "pragma_nano_bucket_dt_posnone_s0_asof",
  "ckpt": "artifacts/pretrain_nano_bucket_dt_posnone_s0.pt",
  "causal": true,
  "numeric_mode": "bucket",
  "train_events": 9719233,
  "metrics": {
    "n": 2277180,
    "n_pos": 2928,
    "roc_auc": 0.9445313870999623,
    "pr_auc": 0.16421671383812259,
    "recall@p0.5": 0.028346994535519126,
    "recall@p0.9": 0.0006830601092896175
  }
}