{
  "arm": "pragma_small_bucket_dt_6k_L256_swasof",
  "ckpt": "artifacts/pretrain_small_bucket_dt_6k_L256.pt",
  "eval": "sliding_window_asof",
  "L": 256,
  "test_base_rate": 0.019146264908976772,
  "metrics": {
    "n": 152928,
    "n_pos": 2928,
    "roc_auc": 0.893998496129326,
    "pr_auc": 0.29815896786559176,
    "recall@p0.5": 0.21243169398907105,
    "recall@p0.9": 0.012295081967213115
  }
}