{
  "arm": "pragma_small_bucket_dt_6k_swasof",
  "ckpt": "artifacts/pretrain_small_bucket_dt_6k.pt",
  "eval": "sliding_window_asof",
  "L": 128,
  "test_base_rate": 0.019146264908976772,
  "metrics": {
    "n": 152928,
    "n_pos": 2928,
    "roc_auc": 0.9806521345628414,
    "pr_auc": 0.7859558489230573,
    "recall@p0.5": 0.8186475409836066,
    "recall@p0.9": 0.578551912568306
  }
}