{
  "arm": "pragma_small_bucket_dt_6k_L64_swasof",
  "ckpt": "artifacts/pretrain_small_bucket_dt_6k_L64.pt",
  "eval": "sliding_window_asof",
  "L": 64,
  "test_base_rate": 0.019146264908976772,
  "metrics": {
    "n": 152928,
    "n_pos": 2928,
    "roc_auc": 0.9817506534608379,
    "pr_auc": 0.7917836625601411,
    "recall@p0.5": 0.8282103825136612,
    "recall@p0.9": 0.5607923497267759
  }
}