{
  "arm": "pragma_small_bucket_6k_nodt_swasof",
  "ckpt": "artifacts/pretrain_small_bucket_6k_nodt.pt",
  "eval": "sliding_window_asof",
  "L": 128,
  "test_base_rate": 0.019146264908976772,
  "metrics": {
    "n": 152928,
    "n_pos": 2928,
    "roc_auc": 0.9809171186247723,
    "pr_auc": 0.7795437012859817,
    "recall@p0.5": 0.8097677595628415,
    "recall@p0.9": 0.5778688524590164
  }
}