{
  "arm": "pragma_mini_bucket_dt_swasof",
  "ckpt": "artifacts/pretrain_mini_bucket_dt.pt",
  "eval": "sliding_window_asof",
  "L": 128,
  "test_base_rate": 0.019146264908976772,
  "metrics": {
    "n": 152928,
    "n_pos": 2928,
    "roc_auc": 0.9595205680783243,
    "pr_auc": 0.6945671703201081,
    "recall@p0.5": 0.7155054644808743,
    "recall@p0.9": 0.43169398907103823
  }
}