{
  "arm": "pragma_nano_periodic_asof",
  "ckpt": "artifacts/pretrain_nano_periodic.pt",
  "causal": true,
  "numeric_mode": "periodic",
  "train_events": 9716541,
  "metrics": {
    "n": 2277180,
    "n_pos": 2928,
    "roc_auc": 0.9410590674158028,
    "pr_auc": 0.0866548520965358,
    "recall@p0.5": 0.028688524590163935,
    "recall@p0.9": 0.006147540983606557
  }
}