{
  "arm": "pragma_nano_bucket_dt_postime_s0_asof",
  "ckpt": "artifacts/pretrain_nano_bucket_dt_postime_s0.pt",
  "causal": true,
  "numeric_mode": "bucket",
  "train_events": 9719233,
  "metrics": {
    "n": 2277180,
    "n_pos": 2928,
    "roc_auc": 0.9531973670651375,
    "pr_auc": 0.22650423364117928,
    "recall@p0.5": 0.11441256830601093,
    "recall@p0.9": 0.0010245901639344263
  }
}