{
  "arm": "pragma_nano_bucket_asof",
  "ckpt": "artifacts/pretrain_nano_bucket.pt",
  "causal": true,
  "numeric_mode": "bucket",
  "train_events": 9718015,
  "metrics": {
    "n": 2277180,
    "n_pos": 2928,
    "roc_auc": 0.9435787540303049,
    "pr_auc": 0.21866951384647967,
    "recall@p0.5": 0.09084699453551913,
    "recall@p0.9": 0.012295081967213115
  }
}