{
  "arm": "pragma_small_bucket_dt_6k_posnone_swasof",
  "ckpt": "artifacts/pretrain_small_bucket_dt_6k_posnone.pt",
  "eval": "sliding_window_asof",
  "L": 128,
  "test_base_rate": 0.019146264908976772,
  "metrics": {
    "n": 152928,
    "n_pos": 2928,
    "roc_auc": 0.9734743886612022,
    "pr_auc": 0.7134692621987795,
    "recall@p0.5": 0.7530737704918032,
    "recall@p0.9": 0.40095628415300544
  }
}