{
  "arm": "pragma_small_bucket_dt_asof",
  "ckpt": "artifacts/pretrain_small_bucket_dt.pt",
  "causal": true,
  "numeric_mode": "bucket",
  "train_events": 12904668,
  "metrics": {
    "n": 2277187,
    "n_pos": 2928,
    "roc_auc": 0.9631753256048231,
    "pr_auc": 0.348933382394903,
    "recall@p0.5": 0.3104508196721312,
    "recall@p0.9": 0.10177595628415301
  }
}