{
  "arm": "pragma_nano_bucket_dt_asof",
  "ckpt": "artifacts/pretrain_nano_bucket_dt.pt",
  "causal": true,
  "numeric_mode": "bucket",
  "train_events": 9717505,
  "metrics": {
    "n": 2277180,
    "n_pos": 2928,
    "roc_auc": 0.9524569051035806,
    "pr_auc": 0.23580277453799148,
    "recall@p0.5": 0.16290983606557377,
    "recall@p0.9": 0.009904371584699454
  }
}