{
  "arm": "pragma_nano_bucket_dt_L8_asof",
  "ckpt": "artifacts/pretrain_nano_bucket_dt_L8.pt",
  "causal": true,
  "numeric_mode": "bucket",
  "train_events": 818991,
  "metrics": {
    "n": 2276777,
    "n_pos": 2928,
    "roc_auc": 0.9507209247896504,
    "pr_auc": 0.15082104747166764,
    "recall@p0.5": 0.041666666666666664,
    "recall@p0.9": 0.0
  }
}