{
  "arm": "pragma_small_bucket_dt_6k_s1_asof",
  "ckpt": "artifacts/pretrain_small_bucket_dt_6k_s1.pt",
  "causal": true,
  "numeric_mode": "bucket",
  "train_events": 12896562,
  "metrics": {
    "n": 2277187,
    "n_pos": 2928,
    "roc_auc": 0.9800540912146303,
    "pr_auc": 0.5077942716889505,
    "recall@p0.5": 0.51775956284153,
    "recall@p0.9": 0.2271174863387978
  }
}