{
  "arm": "lightgbm_swasof",
  "eval": "subsample",
  "test_base_rate": 0.019146264908976772,
  "metrics": {
    "n": 152928,
    "n_pos": 2928,
    "roc_auc": 0.9403462215391621,
    "pr_auc": 0.3692535955873625,
    "recall@p0.5": 0.4180327868852459,
    "recall@p0.9": 0.0
  }
}