{
  "arm": "pragma_nano_ple_asof",
  "ckpt": "artifacts/pretrain_nano_ple.pt",
  "causal": true,
  "numeric_mode": "ple",
  "train_events": 9720539,
  "metrics": {
    "n": 2277180,
    "n_pos": 2928,
    "roc_auc": 0.9419755380521244,
    "pr_auc": 0.10989757047525021,
    "recall@p0.5": 0.01912568306010929,
    "recall@p0.9": 0.0
  }
}