{
  "arm": "pragma_nano_bucket_dt_L32_asof",
  "ckpt": "artifacts/pretrain_nano_bucket_dt_L32.pt",
  "causal": true,
  "numeric_mode": "bucket",
  "train_events": 3266051,
  "metrics": {
    "n": 2277121,
    "n_pos": 2928,
    "roc_auc": 0.947728403764238,
    "pr_auc": 0.2122695303761746,
    "recall@p0.5": 0.13217213114754098,
    "recall@p0.9": 0.0006830601092896175
  }
}