{
  "arm": "pragma_small_bucket_dt_6k_asof",
  "ckpt": "artifacts/pretrain_small_bucket_dt_6k.pt",
  "causal": true,
  "numeric_mode": "bucket",
  "train_events": 12903378,
  "metrics": {
    "n": 2277187,
    "n_pos": 2928,
    "roc_auc": 0.9770692095653029,
    "pr_auc": 0.4944883013464252,
    "recall@p0.5": 0.5225409836065574,
    "recall@p0.9": 0.19296448087431695
  }
}