{
  "arm": "pragma_nano_bucket_dt_posindex_s0_asof",
  "ckpt": "artifacts/pretrain_nano_bucket_dt_posindex_s0.pt",
  "causal": true,
  "numeric_mode": "bucket",
  "train_events": 9719233,
  "metrics": {
    "n": 2277180,
    "n_pos": 2928,
    "roc_auc": 0.9501799708704322,
    "pr_auc": 0.21981059570956926,
    "recall@p0.5": 0.11885245901639344,
    "recall@p0.9": 0.001366120218579235
  }
}