{
  "arm": "pragma_nano_bucket_dt_posindex_s2_asof",
  "ckpt": "artifacts/pretrain_nano_bucket_dt_posindex_s2.pt",
  "causal": true,
  "numeric_mode": "bucket",
  "train_events": 9719233,
  "metrics": {
    "n": 2277180,
    "n_pos": 2928,
    "roc_auc": 0.9442982305145877,
    "pr_auc": 0.07349126041969439,
    "recall@p0.5": 0.00034153005464480874,
    "recall@p0.9": 0.00034153005464480874
  }
}