{
  "arm": "pragma_small_bucket_dt_6k_L256_swasof",
  "ckpt": "artifacts/pretrain_small_bucket_dt_6k_L256.pt",
  "eval": "sliding_window_asof",
  "L": 128,
  "test_base_rate": 0.019146264908976772,
  "metrics": {
    "n": 152928,
    "n_pos": 2928,
    "roc_auc": 0.9847469273679416,
    "pr_auc": 0.8092634691664802,
    "recall@p0.5": 0.850068306010929,
    "recall@p0.9": 0.5860655737704918
  }
}