{
  "arm": "pragma_small_bucket_dt_6k_asof",
  "ckpt": "artifacts/pretrain_small_bucket_dt_6k.pt",
  "causal": true,
  "numeric_mode": "bucket",
  "train_events": 12896562,
  "metrics": {
    "n": 2277187,
    "n_pos": 2928,
    "roc_auc": 0.9776229756250854,
    "pr_auc": 0.49606684810548385,
    "recall@p0.5": 0.5194672131147541,
    "recall@p0.9": 0.19740437158469945
  }
}