{
  "arm": "pragma_nano_bucket_dt_L32_asof",
  "ckpt": "artifacts/pretrain_nano_bucket_dt_L32.pt",
  "causal": true,
  "numeric_mode": "bucket",
  "train_events": 3266177,
  "metrics": {
    "n": 2277121,
    "n_pos": 2928,
    "roc_auc": 0.9469352367416014,
    "pr_auc": 0.1803437816693262,
    "recall@p0.5": 0.07855191256830601,
    "recall@p0.9": 0.0006830601092896175
  }
}