{
  "arm": "pragma_nano_bucket_dt_postime_s1_asof",
  "ckpt": "artifacts/pretrain_nano_bucket_dt_postime_s1.pt",
  "causal": true,
  "numeric_mode": "bucket",
  "train_events": 9719233,
  "metrics": {
    "n": 2277180,
    "n_pos": 2928,
    "roc_auc": 0.945151607386358,
    "pr_auc": 0.11497073342059429,
    "recall@p0.5": 0.0351775956284153,
    "recall@p0.9": 0.00034153005464480874
  }
}