{
  "arm": "pragma_small_bucket_B_swasof",
  "ckpt": "artifacts/pretrain_small_bucket_B.pt",
  "eval": "sliding_window_asof",
  "L": 128,
  "test_base_rate": 0.041533764306548177,
  "metrics": {
    "n": 58627,
    "n_pos": 2435,
    "roc_auc": 0.7619641319231686,
    "pr_auc": 0.1613500515565774,
    "recall@p0.5": 0.026694045174537988,
    "recall@p0.9": 0.009034907597535934
  }
}