{"arm": "lgbm_velocity_ceiling", "pr_auc": 0.5268544899443053, "roc_auc": 0.9112328769365536, "base": 0.027698648402933512}