{
  "arm": "pragma_small_bucket_memonly_swasof",
  "ckpt": "artifacts/pretrain_small_bucket_memonly.pt",
  "eval": "sliding_window_asof",
  "L": 128,
  "test_base_rate": 0.027698648402933512,
  "metrics": {
    "n": 16499,
    "n_pos": 457,
    "roc_auc": 0.6183237000685018,
    "pr_auc": 0.05768493198247358,
    "recall@p0.5": 0.006564551422319475,
    "recall@p0.9": 0.00437636761487965
  }
}