{
  "arm": "pragma_small_bucket_memaux_swasof",
  "ckpt": "artifacts/pretrain_small_bucket_memaux.pt",
  "eval": "sliding_window_asof",
  "L": 128,
  "test_base_rate": 0.027698648402933512,
  "metrics": {
    "n": 16499,
    "n_pos": 457,
    "roc_auc": 0.7596828702118644,
    "pr_auc": 0.12138392196913057,
    "recall@p0.5": 0.00437636761487965,
    "recall@p0.9": 0.0
  }
}