{
  "arm": "pragma_nano_asof",
  "ckpt": "artifacts/pretrain_nano.pt",
  "causal": true,
  "train_events": 9718598,
  "metrics": {
    "n": 2277180,
    "n_pos": 2928,
    "roc_auc": 0.943923816441938,
    "pr_auc": 0.21449730212007684,
    "recall@p0.5": 0.09221311475409837,
    "recall@p0.9": 0.014002732240437158
  }
}