{"steps": "8000", "arm_A_fusion": {"ckpt": "artifacts/pretrain_small_bucket_A.pt", "L": 128, "n": 152928, "base": 0.019146264908976772, "embedding_only": {"pr_auc": 0.7470390790964586, "roc_auc": 0.9799052106102003}, "relational_only": {"pr_auc": 0.2858675701570771, "roc_auc": 0.8814978016848816}, "fusion_logreg": {"pr_auc": 0.7863241300899919, "roc_auc": 0.9841452254098361}, "fusion_lgbm": {"pr_auc": 0.8436347566116181, "roc_auc": 0.9878555214025501}}, "arm_B_memcsa": {"arm": "pragma_small_bucket_B_swasof", "ckpt": "artifacts/pretrain_small_bucket_B.pt", "eval": "sliding_window_asof", "L": 128, "test_base_rate": 0.019146264908976772, "metrics": {"n": 152928, "n_pos": 2928, "roc_auc": 0.9750370651183972, "pr_auc": 0.6940541095644007, "recall@p0.5": 0.7581967213114754, "recall@p0.9": 0.3118169398907104}}}
