{
  "arm": "finetune_xseqcount",
  "seed": 0,
  "data_dir": "data/synth_rel",
  "n": 16499,
  "base": 0.027698648402933512,
  "epochs": 8,
  "pr_auc": 0.32840336428597455,
  "roc_auc": 0.832376622416485
}