{
  "arm": "finetune_nomem",
  "seed": 0,
  "data_dir": "data/synth_rel",
  "n": 16499,
  "base": 0.027698648402933512,
  "epochs": 8,
  "pr_auc": 0.0374018416464166,
  "roc_auc": 0.5838764463196582
}