{"arm": "lgbm_matched", "pr_auc": 0.6047097668077615, "roc_auc": 0.9410263866977193, "base": 0.027698648402933512}