{
  "arm": "finetune_xseq",
  "seed": 1,
  "data_dir": "data/synth_rel",
  "n": 16499,
  "base": 0.027698648402933512,
  "epochs": 8,
  "pr_auc": 0.12716492280849404,
  "roc_auc": 0.8282664460932284
}