{
  "arm": "finetune_xseqcount",
  "seed": 1,
  "data_dir": "data/synth_rel",
  "n": 16499,
  "base": 0.027698648402933512,
  "epochs": 8,
  "pr_auc": 0.3075641707558321,
  "roc_auc": 0.8273848707318344
}