{
  "arm": "finetune_nomem",
  "seed": 1,
  "data_dir": "data/synth_rel",
  "n": 16499,
  "base": 0.027698648402933512,
  "epochs": 8,
  "pr_auc": 0.03584899120864764,
  "roc_auc": 0.5478815592657895
}