{
  "arm": "finetune_mem",
  "seed": 0,
  "data_dir": "data/synth_rel",
  "n": 16499,
  "base": 0.027698648402933512,
  "epochs": 8,
  "pr_auc": 0.12598118437744568,
  "roc_auc": 0.7461178220082567
}