{
  "arm": "finetune_mem",
  "seed": 1,
  "data_dir": "data/synth_rel",
  "n": 16499,
  "base": 0.027698648402933512,
  "epochs": 8,
  "pr_auc": 0.10030211300171801,
  "roc_auc": 0.7040646448586683
}