{
  "arm": "finetune_xseq",
  "seed": 2,
  "data_dir": "data/synth_rel",
  "n": 16499,
  "base": 0.027698648402933512,
  "epochs": 8,
  "pr_auc": 0.21889347281523633,
  "roc_auc": 0.8690201077750773
}