{
  "dataset": "talkingdata",
  "n_test": 1121348,
  "test_base": 0.002316854357434088,
  "arms": {
    "lgbm_local": {
      "pr_auc": 0.33298763807422294,
      "roc_auc": 0.9578347443886788
    },
    "lgbm_localagg": {
      "pr_auc": 0.5026138231863306,
      "roc_auc": 0.9686685171661915
    },
    "local": {
      "pr_auc": 0.2954401957433456,
      "roc_auc": 0.9633130641963521
    },
    "local+agg": {
      "pr_auc": 0.38475062326829,
      "roc_auc": 0.9707704479165322
    },
    "local+meanpool": {
      "pr_auc": 0.24327561678795764,
      "roc_auc": 0.9630054286709587
    },
    "local+xseq": {
      "pr_auc": 0.2603041546955756,
      "roc_auc": 0.9643546170883491
    },
    "local+agg+xseq": {
      "pr_auc": 0.363263046893905,
      "roc_auc": 0.9701816751175163
    }
  }
}