{"arm": "lgbm_ceiling", "pr_auc": 0.40465252654898204, "roc_auc": 0.971279304664955, "base": 0.002316854357434088}