{
  "arm": "finetune_mem",
  "seed": 2,
  "data_dir": "data/td_seq",
  "n": 152598,
  "base": 0.017025124837809144,
  "epochs": 6,
  "pr_auc": 0.6612420181700579,
  "roc_auc": 0.9716841891198358
}