{
  "arm": "finetune_mem",
  "data_dir": "data/td_seq",
  "n": 152598,
  "base": 0.017025124837809144,
  "epochs": 6,
  "pr_auc": 0.6826309041601534,
  "roc_auc": 0.9724256338208879
}