{
  "arm": "finetune_xseq",
  "data_dir": "data/td_seq",
  "n": 152598,
  "base": 0.017025124837809144,
  "epochs": 6,
  "pr_auc": 0.6667546650673198,
  "roc_auc": 0.972305147549397
}