{
  "arm": "finetune_mem",
  "seed": 1,
  "data_dir": "data/td_seq",
  "n": 152598,
  "base": 0.017025124837809144,
  "epochs": 6,
  "pr_auc": 0.6714831118553415,
  "roc_auc": 0.9729935386194509
}