{
  "arm": "finetune_nomem",
  "seed": 0,
  "data_dir": "data/td_seq",
  "n": 152598,
  "base": 0.017025124837809144,
  "epochs": 6,
  "pr_auc": 0.6276033006650544,
  "roc_auc": 0.9653560148832434
}