{
  "arm": "finetune_xseq",
  "seed": 1,
  "data_dir": "data/td_seq",
  "n": 152598,
  "base": 0.017025124837809144,
  "epochs": 6,
  "pr_auc": 0.6250153086308708,
  "roc_auc": 0.9642694790864768
}