{
  "arm": "finetune_xseqcount",
  "seed": 2,
  "data_dir": "data/td_seq",
  "n": 152598,
  "base": 0.017025124837809144,
  "epochs": 6,
  "pr_auc": 0.6853744205847152,
  "roc_auc": 0.9725846292019501
}