{
  "arm": "finetune_xseq",
  "data_dir": "data/td_seq",
  "n": 152598,
  "base": 0.017025124837809144,
  "epochs": 6,
  "pr_auc": 0.6160174682842295,
  "roc_auc": 0.9680611034128818
}