{
  "dataset": "elliptic",
  "test_base": 0.1453051898596453,
  "arms": {
    "lgbm_local": {
      "pr_auc": 0.8479049314190412,
      "roc_auc": 0.9550739119009898,
      "illicit_f1": 0.7658349328214972
    },
    "lgbm_localagg": {
      "pr_auc": 0.8825939063074483,
      "roc_auc": 0.9658832752705819,
      "illicit_f1": 0.7991764926071495
    },
    "local": {
      "pr_auc": 0.5824130747118315,
      "roc_auc": 0.8588669676812414,
      "illicit_f1": 0.5498167277574142
    },
    "local+agg": {
      "pr_auc": 0.6145383478468038,
      "roc_auc": 0.870896434024136,
      "illicit_f1": 0.5672727272727273
    },
    "local+meanpool": {
      "pr_auc": 0.598726107201208,
      "roc_auc": 0.8630359735508086,
      "illicit_f1": 0.5636954168170336
    },
    "local+xseq": {
      "pr_auc": 0.5627232674680313,
      "roc_auc": 0.845124167022745,
      "illicit_f1": 0.5363544132566791
    },
    "local+agg+xseq": {
      "pr_auc": 0.562114030370846,
      "roc_auc": 0.8434502950273115,
      "illicit_f1": 0.5371248025276462
    }
  }
}